model_version, group, resolution, category, simulation_name, machine, checksum, experiment, ensemble_num, cmip_only, data_size, hpss_path
v3, CoupledSystem, LR, DECK, v3.LR.piControl, chrysalis, , piControl, 1, cmip_only,,
v3, CoupledSystem, LR, DECK, v3.LR.abrupt-4xCO2_0101_bcdt15m, chrysalis, , abrupt-4xCO2, 1, cmip_only,,
v3, CoupledSystem, LR, DECK, v3.LR.1pctCO2_0101_bcdt15m, chrysalis, , 1pctCO2, 1, cmip_only,,
v3, CoupledSystem, LR, Historical, v3.LR.historical_0051, chrysalis, , historical, 1, cmip_only,,
v3, CoupledSystem, LR, Historical, v3.LR.historical_0101, chrysalis, , historical, 2, cmip_only,,
v3, CoupledSystem, LR, Historical, v3.LR.historical_0151, chrysalis, , historical, 3, cmip_only,,
v3, CoupledSystem, LR, Historical, v3.LR.historical_0201, chrysalis, , historical, 4, cmip_only,,
v3, CoupledSystem, LR, Historical, v3.LR.historical_0251, chrysalis, , historical, 5, cmip_only,,
v3, CoupledSystem, LR, Single-forcing (DAMIP-like), v3.LR.hist-GHG_0101, chrysalis, , hist-GHG, 1, cmip_only,,
v3, CoupledSystem, LR, Single-forcing (DAMIP-like), v3.LR.hist-GHG_0151, chrysalis, , hist-GHG, 2, cmip_only,,
v3, CoupledSystem, LR, Single-forcing (DAMIP-like), v3.LR.hist-GHG_0201, chrysalis, , hist-GHG, 3, cmip_only,,
v3, CoupledSystem, LR, Single-forcing (DAMIP-like), v3.LR.hist-aer_0101, chrysalis, , hist-aer, 1, cmip_only,,
v3, CoupledSystem, LR, Single-forcing (DAMIP-like), v3.LR.hist-aer_0151, chrysalis, , hist-aer, 2, cmip_only,,
v3, CoupledSystem, LR, Single-forcing (DAMIP-like), v3.LR.hist-aer_0201, chrysalis, , hist-aer, 3, cmip_only,,
v3, CoupledSystem, LR, Single-forcing (DAMIP-like), v3.LR.hist-xGHG-xaer_0101, chrysalis, , hist-nat, 1, cmip_only,,
v3, CoupledSystem, LR, Single-forcing (DAMIP-like), v3.LR.hist-xGHG-xaer_0151, chrysalis, , hist-nat, 2, cmip_only,,
v3, CoupledSystem, LR, Single-forcing (DAMIP-like), v3.LR.hist-xGHG-xaer_0201, chrysalis, , hist-nat, 3, cmip_only,,
v3, CoupledSystem, LR, AMIP, v3.LR.amip_0101, chrysalis, , amip, 1, cmip_only,,
v3, CoupledSystem, LR, AMIP, v3.LR.amip_0151, chrysalis, , amip, 2, cmip_only,,
v3, CoupledSystem, LR, AMIP, v3.LR.amip_0201, chrysalis, , amip, 3, cmip_only,,
v3, CoupledSystem, LR, AMIP, v3.LR.amip_bonus_0101, chrysalis, , amip, 1, none, 25.5 TB, /home/projects/e3sm/www/CoupledSystem/E3SMv3/RRM/v3.LR.amip_bonus_0101
v3, CoupledSystem, LR, AMIP, LR_ensemble, chrysalis, , amip, 25, none, 4.7 TB, /home/projects/e3sm/www/CoupledSystem/E3SMv3/RRM/LR_ensemble
v3, CoupledSystem, LR, RFMIP, v3.LR.piClim-control-iceini, chrysalis, , piClim-control, 1, cmip_only,,
v3, CoupledSystem, LR, RFMIP, v3.LR.piClim-histall/v3.LR.piClim-histall_0101, chrysalis, , piClim-histall, 1, cmip_only,,
v3, CoupledSystem, LR, RFMIP, v3.LR.piClim-histall/v3.LR.piClim-histall_0151, chrysalis, , piClim-histall, 2, cmip_only,,
v3, CoupledSystem, LR, RFMIP, v3.LR.piClim-histall/v3.LR.piClim-histall_0201, chrysalis, , piClim-histall, 3, cmip_only,,
v3, CoupledSystem, LR, RFMIP, v3.LR.piClim-histGHG/v3.LR.piClim-histGHG_0101, chrysalis, , piClim-histGHG, 1, cmip_only,,
v3, CoupledSystem, LR, RFMIP, v3.LR.piClim-histGHG/v3.LR.piClim-histGHG_0151, chrysalis, , piClim-histGHG, 2, cmip_only,,
v3, CoupledSystem, LR, RFMIP, v3.LR.piClim-histGHG/v3.LR.piClim-histGHG_0201, chrysalis, , piClim-histGHG, 3, cmip_only,,
v3, CoupledSystem, LR, RFMIP, v3.LR.piClim-histaer/v3.LR.piClim-histaer_0101, chrysalis, , piClim-histaer, 1, cmip_only,,
v3, CoupledSystem, LR, RFMIP, v3.LR.piClim-histaer/v3.LR.piClim-histaer_0151, chrysalis, , piClim-histaer, 2, cmip_only,,
v3, CoupledSystem, LR, RFMIP, v3.LR.piClim-histaer/v3.LR.piClim-histaer_0201, chrysalis, , piClim-histaer, 3, cmip_only,,
v3, CoupledSystem, NARRM, AMIP, v3.NARRM.amip_0101, chrysalis, , amip,1, none,24.5 TB, /home/projects/e3sm/www/CoupledSystem/E3SMv3/RRM/v3.NARRM.amip_0101
v3, CoupledSystem, NARRM, AMIP, v3.NARRM_r0125.amip_0101, chrysalis, , amip, 1, none,77.8 TB, /home/projects/e3sm/www/CoupledSystem/E3SMv3/RRM/v3.NARRM_r0125.amip_0101
v3, CoupledSystem, NARRM, AMIP, RRM_ensemble, chrysalis, , amip, 25, none, 20.3 TB, /home/projects/e3sm/www/CoupledSystem/E3SMv3/RRM/RRM_ensemble
v3, CoupledSystem, AMZRRM, AMIP, v3.AMZRRM.amip_0101, chrysalis, , amip, 1, none, 28.9 TB, /home/projects/e3sm/www/CoupledSystem/E3SMv3/RRM/v3.AMZRRM.amip_0101
v3, CoupledSystem, EARRM, AMIP, v3.EARRM.amip_0101, chrysalis, , amip, 1, none, 27.8 TB, /home/projects/e3sm/www/CoupledSystem/E3SMv3/RRM/v3.EARRM.amip_0101
v3, CoupledSystem, LR, Historical LE, v3.LR.historical_0301, chrysalis, , historical, 6, cmip_only,,
v3, CoupledSystem, LR, Historical LE, v3.LR.historical_0111, chrysalis, , historical, 7, cmip_only,,
v3, CoupledSystem, LR, Historical LE, v3.LR.historical_0121, chrysalis, , historical, 8, cmip_only,,
v3, CoupledSystem, LR, Historical LE, v3.LR.historical_0131, chrysalis, , historical, 9, cmip_only,,
v3, CoupledSystem, LR, Historical LE, v3.LR.historical_0141, chrysalis, , historical, 10, cmip_only,,
v3, CoupledSystem, LR, Historical LE, v3.LR.historical_0161, chrysalis, , historical, 11, cmip_only,,
v3, CoupledSystem, LR, Historical LE, v3.LR.historical_0171, chrysalis, , historical, 12, cmip_only,,
v3, CoupledSystem, LR, Historical LE, v3.LR.historical_0181, chrysalis, , historical, 13, cmip_only,,
v3, CoupledSystem, LR, Historical LE, v3.LR.historical_0191, chrysalis, , historical, 14, cmip_only,,
v3, CoupledSystem, LR, Historical LE, v3.LR.historical_0211, chrysalis, , historical, 15, cmip_only,,
v3, CoupledSystem, LR, Historical LE, v3.LR.historical_0221, chrysalis, , historical, 16, cmip_only,,
v3, CoupledSystem, LR, Historical LE, v3.LR.historical_0231, chrysalis, , historical, 17, cmip_only,,
v3, CoupledSystem, LR, Historical LE, v3.LR.historical_0241, chrysalis, , historical, 18, cmip_only,,
v3, CoupledSystem, LR, Historical LE, v3.LR.historical_0261, chrysalis, , historical, 19, cmip_only,,
v3, CoupledSystem, LR, Historical LE, v3.LR.historical_0271, chrysalis, , historical, 20, cmip_only,,
v3, CoupledSystem, LR, Historical LE, v3.LR.historical_0281, chrysalis, , historical, 21, cmip_only,,
v3, CoupledSystem, LR, Historical LE, v3.LR.historical_0291, chrysalis, , historical, 22, cmip_only,,
v3, CoupledSystem, LR, Historical LE, v3.LR.historical_0311, chrysalis, , historical, 23, cmip_only,,
v3, CoupledSystem, LR, Historical LE, v3.LR.historical_0321, chrysalis, , historical, 24, cmip_only,,
v3, CoupledSystem, LR, Historical LE, v3.LR.historical_0091, chrysalis, , historical, 25, cmip_only,,
