Simulation,Data Size (TB),ESGF Links,Variant Label,HPSS Path,HPSS URL
v2_1.LR.piControl,45,https://esgf-node.cels.anl.gov/search/?project=CMIP6&activeFacets=%7B%22source_id%22%3A%22E3SM-2-1%22%2C%22experiment_id%22%3A%22piControl%22%2C%22variant_label%22%3A%22r1i1p1f1%22%7D,r1i1p1f1,/home/projects/e3sm/www/WaterCycle/E3SMv2_1/v2_1.LR.piControl,https://portal.nersc.gov/archive/home/projects/e3sm/www/WaterCycle/E3SMv2_1/v2_1.LR.piControl
v2_1.LR.1pctCO2_0101,14,https://esgf-node.cels.anl.gov/search/?project=CMIP6&activeFacets=%7B%22source_id%22%3A%22E3SM-2-1%22%2C%22experiment_id%22%3A%221pctCO2%22%2C%22variant_label%22%3A%22r1i1p1f1%22%7D,r1i1p1f1,/home/projects/e3sm/www/WaterCycle/E3SMv2_1/v2_1.LR.1pctCO2_0101,https://portal.nersc.gov/archive/home/projects/e3sm/www/WaterCycle/E3SMv2_1/v2_1.LR.1pctCO2_0101
v2_1.LR.abrupt-4xCO2_0101,14,https://esgf-node.cels.anl.gov/search/?project=CMIP6&activeFacets=%7B%22source_id%22%3A%22E3SM-2-1%22%2C%22experiment_id%22%3A%22abrupt-4xCO2%22%2C%22variant_label%22%3A%22r1i1p1f1%22%7D,r1i1p1f1,/home/projects/e3sm/www/WaterCycle/E3SMv2_1/v2_1.LR.abrupt-4xCO2_0101,https://portal.nersc.gov/archive/home/projects/e3sm/www/WaterCycle/E3SMv2_1/v2_1.LR.abrupt-4xCO2_0101
v2_1.LR.amip_0101,1,https://esgf-node.cels.anl.gov/search/?project=CMIP6&activeFacets=%7B%22source_id%22%3A%22E3SM-2-1%22%2C%22experiment_id%22%3A%22amip%22%2C%22variant_label%22%3A%22r1i1p1f1%22%7D,r1i1p1f1,/home/projects/e3sm/www/WaterCycle/E3SMv2_1/v2_1.LR.amip_0101,https://portal.nersc.gov/archive/home/projects/e3sm/www/WaterCycle/E3SMv2_1/v2_1.LR.amip_0101
v2_1.LR.historical_0101,14,https://esgf-node.cels.anl.gov/search/?project=CMIP6&activeFacets=%7B%22source_id%22%3A%22E3SM-2-1%22%2C%22experiment_id%22%3A%22historical%22%2C%22variant_label%22%3A%22r1i1p1f1%22%7D,r1i1p1f1,/home/projects/e3sm/www/WaterCycle/E3SMv2_1/v2_1.LR.historical_0101,https://portal.nersc.gov/archive/home/projects/e3sm/www/WaterCycle/E3SMv2_1/v2_1.LR.historical_0101
v2_1.LR.historical_0151,15,https://esgf-node.cels.anl.gov/search/?project=CMIP6&activeFacets=%7B%22source_id%22%3A%22E3SM-2-1%22%2C%22experiment_id%22%3A%22historical%22%2C%22variant_label%22%3A%22r2i1p1f1%22%7D,r2i1p1f1,/home/projects/e3sm/www/WaterCycle/E3SMv2_1/v2_1.LR.historical_0151,https://portal.nersc.gov/archive/home/projects/e3sm/www/WaterCycle/E3SMv2_1/v2_1.LR.historical_0151
v2_1.LR.historical_0201,15,https://esgf-node.cels.anl.gov/search/?project=CMIP6&activeFacets=%7B%22source_id%22%3A%22E3SM-2-1%22%2C%22experiment_id%22%3A%22historical%22%2C%22variant_label%22%3A%22r3i1p1f1%22%7D,r3i1p1f1,/home/projects/e3sm/www/WaterCycle/E3SMv2_1/v2_1.LR.historical_0201,https://portal.nersc.gov/archive/home/projects/e3sm/www/WaterCycle/E3SMv2_1/v2_1.LR.historical_0201
v2_1.LR.historical_0251,15,https://esgf-node.cels.anl.gov/search/?project=CMIP6&activeFacets=%7B%22source_id%22%3A%22E3SM-2-1%22%2C%22experiment_id%22%3A%22historical%22%2C%22variant_label%22%3A%22r4i1p1f1%22%7D,r4i1p1f1,/home/projects/e3sm/www/WaterCycle/E3SMv2_1/v2_1.LR.historical_0251,https://portal.nersc.gov/archive/home/projects/e3sm/www/WaterCycle/E3SMv2_1/v2_1.LR.historical_0251
v2_1.LR.historical_0301,15,https://esgf-node.cels.anl.gov/search/?project=CMIP6&activeFacets=%7B%22source_id%22%3A%22E3SM-2-1%22%2C%22experiment_id%22%3A%22historical%22%2C%22variant_label%22%3A%22r5i1p1f1%22%7D,r5i1p1f1,/home/projects/e3sm/www/WaterCycle/E3SMv2_1/v2_1.LR.historical_0301,https://portal.nersc.gov/archive/home/projects/e3sm/www/WaterCycle/E3SMv2_1/v2_1.LR.historical_0301
